,SegName,SegNum
0,Breezy Beach ride,17553180
1,Beach 221 to Breezy Entrance/Exit,14462968
2,Rockaway Point Sprint ,2394699
3,From bus stop to bus stop (M35),24751716
4,Beach 221st to Ft tilden first traffic light sprint East,4841714
5,Rockaway Point Blvd - Westbound,14748237
6,Beach 221st to Fort Tilden (Corrected),16531916
7,Breezy Point to Bridge In,7754782
8,Sprinting to the sunrise ,20433541
9,Marine Parkway Bridge descend,22254666
10,"Gil Hodges Memorial Bridge east bound- only when clear, ride safe. ",2394458
11,Marine Parkway Bridge Climb S,26503152
12,Rockaway TT B125-B9-B125,21810457
13,Boardwalk West Climb,5782007
14,Neptune Ave: Cropsey Ave to Ocean Pkwy,20992322
15,Brighton Beach - Coney Island Boardwalk,2239371
16,Cronston Ave: B125 to B144,25939973
17,Homerun,7138332
18,Eastbound New 2018 Gerritsen Overpass Climb,17251290
19,Gerritsen Descent to Flatbush Ave,21542175
20,Emmons to Greenway,22122678
21,Belt pkwy to Plum Beach,8099847
22,Marine Park hill,1738680
23,beltss,10240358
24,Arverne Ramp to Concessions,22621351
25,Aviation Road eastbound,15168731
26,Sprint from Y to X,9986267
27,Rockaway Fwy 106>95 Sprint,24478313
28,2019 Eastbound Mill Basin Bridge Climb,20008023
29,Belt Parkway Roubaix (South),24107991
30,Belt Pkwy Bike Path Sprint South,19547767
31,Belt Pkwy: 17th Ave Bridge to Baseball Fields Sprint,19547553
32,Cross Bay Blvd Bagel Deli Sprint,25264888
33,Belt Parkway Roubaix (North),24107959
34,One Lap Around Marine Park,1248539
35,Kings to S,12876235
36,"Oh that's twisty, that's very twisty",21766488
37,Bay Ridge Promenade 1k Sprint to the Hill,22599515
38,11th Ave Climb,26600746
39,Verrazano Mini Climb,9879093
40,One Lap Around Marine Park (Flag Start/Finish),8504972
41,O to P,12876226
42,Brooklyn College south,5388487
43,"Bridge over Paerdegat Basin, climb West-bound",7991116
44,Brooklyn College north,5388606
45,Brooklyn College Sprint ,15511489
46,All you got 10 sec,1504853
47,Steep up and long down,22500195
48,Campus Curve,20849500
49,Fountain Ring,22956958
50,Shirley Chisholm Start,24391076
51,The Ring (Gun to Head 10 Laps ),25701964
52,Fountain Av Landfill Waterside Sprint,22586524
53,Addabbo North Uphill,25134412
54,Shirley Chisholm race to the summit!,24391092
55,Chisholm Straightaway,21562184
56,Sister Sister,17393037
57,68th St Downhill Along Owl's Head Park,21119195
58,12th Ave Sprint.,7991103
59,Downhill Sprint ,17054820
60,PPflats,9341758
61,The Gravel,10505054
62,Who TF is Jeff?! Or Danny?!,24927548
63,Warm up to Crossbay Sprint,6194450
64,N Boundary Rd Sprint,25441710
65,Chisholm,24628551
66,"Sunset Park Hill Sprint - 40th, 5th to 6th",1675875
67,Cargo Cargo,6106548
68,Van Wyck Expy service rd loop,6106515
69,Prospect Park hill,613198
70,MJ's Prospect Park Loop,5454740
71,Bedford Burn,2950453
72,770 Sprint,1590900
73,Ikea Pier Pressure,5607972
74,Eastern Pkwy (Rochester Ave to Kingston Ave),2548111
75,Pitkin: Pennsylvania to Rockaway,13310706
76,Last Kick Aqueduct Rd.,26343224
77,Springfield Park LOOP,12738837
78,Dash up North Conduit,28432966
79,Atlantic to Prospect Climb,14012237
80,Inlay,771760
81,Classon sprint after atlantic,21005346
82,Imlay Street Northeast-bound,19463281
83,miller ave wall,6017110
84,Bergen-Classon-Grand sprint,11397017
85,Red Hook Dragstrip,989349
86,Vermont Hill Climb,20870785
87,hill hustle,4413379
88,Insane in the Brain,5793535
89,Snake Hill,4480861
90,Snake Hill - South Bound,4481017
91,Bedford Blast (Lafayette to Wallabout),22844796
92,Cypress Hills Cemetary Slope,2568591
93,Willoughby Roubaix ,12158884
94,"Cough up a lung, where I'm from, Marcy son..",6040169
95,Cypress ave climb... ,5965896
96,V.A. salute sprint,12284051
97,Manhattan Bridge,700396
98,WB Eastbound and Down,6450898
99,Where idiots jogs - SE,20789770
100,Meserole Climb,25026255
101,shortAndSteep,17597444
102,Borinquen Downhill ,4418210
103,Ridgewood Dekalb Sprint,5031045
104,Under And Up,8462847
105,Underpass,8346618
106,Le Col de Soixante-Trois,2673711
107,WB Bridge Initial Climb,24844469
108,WB Bridge ->BK Uphill Only,8423996
109,WB Bridge Manhattan > BK - Around the Bend ,25435199
110,Chambers to Canal,15209223
111,Chambers to Laight,14422955
112,Bugatti VS. S-Works,10565513
113,Sara Roosevelt Park Sprint,18563322
114,hillside to Epson,10429348
115,Kent Ave Sprint,7864076
116,Eliot Ave Grave Yard Climb,5603889
117,"01.1 - SB, Gansevoort - W Houston (WSH)",5107620
118,Big Boulder Loop,9128879
119,Cunningham Southbound,17801566
120,hill under the kosciuszko ,5731349
121,Meadow Sprint,6583282
122,69th St Climb to Grand Ave,5748048
123,Jewel Ave Downhill Sprint,12061441
124,LIE to 67 Ave,19650456
125,LIE to subway station,18231383
126,jewel in one six foh ,11863166
127,Full Kissena Lap,2734138
128,CHP Full Black & Blue w/o Rock Garden & Pump Track,5648202
129,race lake loop,3879747
130,6th ave - 24th to 34th,16027466
131,"03.1 - SB, W22nd - W17th (WSH)",5107580
132,KFC Hill,18892518
133,Skillman Avenue Hill,2640494
134,Ice arena to Avenue of Commerce,17988892
135,164th st hill,2230146
136,Kissena Lake Lap,2627290
137,Up Queensboro Bridge,13439221
138,QBridge exit to the left,16425693
139,Queensboro Bridge Westbound Bridge Segment,4242910
140,Powerplant Climb (40th ave to 36th ave),849659
141,Northern Blvd Bridge (Marina to College Point),12903143
142,Up up and away,27727404
143,Northern Blvd Bridge (College Point to Marina),12903151
144,Junction to 108th,18935856
145,Graveyard Shift,10843457
146,154th & Northern Blvd. 2 Bell & Northern Blvd.,3242620
147,Central Park Loop - W59th Start,7324703
148,Cat Hill climb,453495
149,Center Dr. Climb Sprint,7169109
150,Carousel to 72nd,1786662
151,Tavern on Green to Balto,24015409
152,72-79 Corridor,18377416
153,Ditmars False Flat,7619939
154,GCP - Hazen,18486660
155,bayside av climb,10901358
156,FLB-150th via 32nd Av,10627388
157,Central Park Full Loop - Engineers' Gate,1839831
158,Esmerelda,9488649
159,6d_cp_speedrun,12456585
160,20th Ave. Sprint,4138659
161,Power Plant Climb (West),1649726
162,Fort Totten CCW from Stop,13465940
163,Downhill mofo,17870767
164,Fine Whine,14731551
165,11th ave to poppenhusen triangle,25719160
166,46th Street,3907962
167,The ACTUAL Harlem Hill,1397141
168,6d_Speed.Bottom.Harlem.Hill,18742687
169,Randall's Island Crit extended lap,21367438
170,Boogie Over The Bronx Kill,15436255
171,Hells Gate Drag ,11094412
172,Industrial CITY ,15779184
173,BCC-Teleport Thru Hunts Point,13250234
174,3rd Ave. Whitestone Bridge - McMansion Sprint,2301306
178,46th St Climb,13616743
182,Prospect Park Race Lap,5313629
186,Eastern Parkway Pedestrian Mall Climb,5958500
187,Eastern Parkway Sprint,4383620
192,Lower Central Sprint,7684455
193,Van Wyck - Sutphin,10333718
194,Upper Myrtle Sprint,7615191
195,e-z UP e-z Down,19533099
196,Coop Hill Climb,8795181
198,134 - Main (Hoover Climb),10240397
199,69th Rd Short Climb into Forest Hills,10042762
203,Tee Pee Singletrack,8110546
204,HOW THE WEST WAS WON,1966197
208,Qnz Blvd: 63rd St Climb,3968852
209,Kissena Park Climb,10468493
210,velo approach from Kissena Blvd,10627395
212,IMBA Up,5650069
213,Kissena 4 laps,15046594
214,chopoco hill,13429867
215,Corona sprint,25313841
217,Skillman - 50th to Queens Blvd,5841218
218,Alpe du Booth,1438623
220,Queens Shortcut Route,12002418
221,80 - 71 downhill sprint,10886074
223,Cemetery Sprint,8222626
227,Cross Island Loop - N Blvd,13085310
230,the bridge to the north shore,8585792
234,Ditmars-LGA Hill,7079388
236,Dougs Loop,20360782
240,Duck Under Hill,1743872
242,Head of Hudson,12912834
244,72nd st climb,35258595
245,Bay-parkway to 19th ave,5407547
246,Washington Cemetery/FDR HS Sprint South,23124107
247,Sprinting to the Other Side- Cemetery on 21st,5889012
248,60th St Bay Parkway to 18th Av,27081292
249,Cemetery Sprint,1172749
251,Pantara Time (Cemetery Gates),12793829
252,Avenue L Climb,1536406
253,Ave Mash,33572785
254,Bay to Ocean ,32318017
255,Flatlands X Flatbush,32275364
257,"Bridge over Paerdegat Basin, climb East-bound",7991071
258,Shortcut To Canarsie Park,17908173
259,Shortcut To Belt Pkway,17908139
260,61st; 13th to 8th.,14035148
261,65st from 9 to 13 aves,8733531
262,Borough Park on 56th ,30812890
263,50th; ONU to 19,14035135
264,47th street loop ,31657662
266,Ave I: McDonald to Ocean Pkwy,20781575
267,Which way?,32930490
268,tracks to ditmars CIP,33853375
273,nostrand north J to H,13245200
274,Ave K-hole: Sagan's Flatland vs The 4th Dimension,29977745
275,Kings HIJK Curve,35176963
276,pee wee herman,30458500
277,CP Ride,20166463
278,Seaview Park Sprint,21920908
279,Ave N+1,31778780
280,Full Jamaica Bay Lap ,5456681
281,Peregrine Roundabout,21479914
282,JBL - Canarsie Pier,7993791
283,Penn Red Loop CW,30382870
284,Penn Red Loop CCW,30382903
285,Sunset Park Hill Climb - 44th,1674475
287,41; 8 to 7,14035279
289,43rd St - New Utrecht Ave to 8th Ave,1822133
290,Sunset Park 44th St Climb,1999517
291,Sunset Park Hill Climb - 40th,1674523
292,41st Street Climb,7991061
293,37th minus 1,23249105
294,55th Uphill,9648388
296,37th St Sprint to F Hamilton Pkwy,3439062
297,Wave hi to the people,23800548
298,My Obama Llama Said Tehama,20120775
299,Dahill Sprint,26413138
300,Tehama Mama,27671403
301,CIA Sprint,12359982
302,ARGYLE SPRINT,10150968
303,Cross Church and GO!,21710409
304,Ditmas < 19th st > Cortelyou,24793435
305,Albemarle Drag Strip,8378025
306,The other side of the tracks,25195529
307,East 7th to 21st,19852247
308,Courtelyou Bend,24247749
309,"New York Ave ""Going Up""",6970961
310,Home Strerch,7523092
311,SNYDer,33470379
312,clarendon sprint 123 go,6271632
313,Avenue A Climb,3527216
314,Watch out for cars,4922361
315,Watch out for cars (reverse),9595923
316,The Roc from av L to the Station,4469837
317,One Hundred Percent Playground,33504355
318,K is for KOM,30671154
322,Hendrix Creek to Shirley Chisholm State Park Entrance,21498934
323,Into the Headwinds,22578322
324,King of Chisolm Descent,26149870
325,King of Chisholm,21423456
326,SCSP up the middle,22620480
327,Fountain Ring Reverse (single lap),25601672
328,Pennsylvania: Vandalia to the Belt,13310675
330,Falcon To Ring Descent,26149935
331,Freddie Mercury Climb,24668961
333,Addabbo Bridge,1488870
334,jeff ride lets see how fast you could climb 123 go,6263073
335,Steele's Crossbay Velodrome [Training Zone 1],8229092
336,Steele: Sprint Velodrome (stand up and sprint northbound),7645473
337,Cemetery Sprint South,7275559
338,Cemetery Sprint North,7275568
339,5th Av Cemetery side 24-34,25754405
340,Final sprint to Industry City,16586734
341,True Cemetery Sprint; North,12930373
342,6th to 7th -23rd up and around to 22nd,26618878
343,Prospect Incline,1712135
344,Beer garden to lights on 20th,26836938
345,23rd Hill (for repeats),12044256
346,20th Street Climb,15298353
347,Cemetery Clockwise from PPW Gate,20039890
348,19th st descent,23491867
349,Cemetery CCW from PPW,23195876
350,Green-Wood Cemetery - 20th St - 10th to 7th ,35022178
353,PP West Bend Sprint,22620079
355,Sprint between the lights,9699985
356,PP post-downhill turn,18490324
357,CISCYCLING Speed Endurance Interval,7842027
358,Middle Loop,26413289
359,Hill drive lap,8328538
360,Maple St Climb,702029
361,Rogers Rush,14567927
362,Cool-S american empire,29978389
363,Church Ave (Utica to Troy),5955552
364,kemar is too slow he is a poser ha ha ha ,6264382
365,Clarkson Ave Sprint,5661966
366,Remsen sprint E New York Av-Kings Hwy,9593366
367,Avenue A Climb,2380345
368,Rockaway Pkwy to E94th,11034952
369,Rockaway Kings-Church,34219620
370,98th %,34180826
371,New Lots to Penn,32270537
372,Snediker 1,34017190
373,ENY Crit T-shape,35002835
376,Gateway Drive Lasso,21562146
377,Gull Heron Loop CW,30382853
378,You gotta confuse the bike to make it faster,30408576
379,Belt to CrossBay,21389705
381,JFK 148th St South,19363617
383,Hump Day Turnaround Sprint,31969083
385,Bay Street Flyer,22352381
386,Bay St (Red Hook Park),25477372
387,Red Hook Hairpin,27123161
388,Red Hook sprint w/ construction,18663465
389,Ballfield Shortcut Sprint,5607959
390,Bay Street Ride,19463300
391,3rd St Uphill,1390271
392,Park Slope 9th Street Climb,754171
393,punch 5th ave (before theðŸš¦),25629247
394,7th St to 278 5th Ave Up Hill,1732852
395,Carroll st hill,9330953
396,th Street Climb,4374394
397,3rd ave sprint,5021449
398,Foot down on 3rd,4956639
399,up 9th street from 4th Ave to 7th Ave,27727233
400,14st climb,3748864
402,The Real PP Hill,5300227
403,PP race finish sprint at 3rd st,15096324
404,Amphitheater Hill (JayBee) ,12072104
405,"2.0: 50"" PP Hill Sprints to 2nd Green Sign",9264479
406,PP - KOM to 3rd St,18935073
407,Playground to Garage,28030847
408,PP to Sterling Pl (shortcut),24544706
409,Gabbledobie Gap: 2 Arbitrary Points in PP,7598221
410,Library Museum Sprint,16000842
414,Franklin to Kingston via St. Johns,5056494
415,Who Fast Up Hill?       R.W,13323123
416,Kingston/Empire to Eastern Parkway,5100187
417,s2,24973308
418,New York Ave Climb,1741035
419,Eastern Parkway to Bergen Downhill,24911818
420,jeff ride ent,6230794
421,Up Troy,5978728
422,jeff up hill ride go,6232311
423,Rochester Ave Climb,2548119
424,Rochester Ave Drop,2548151
425,Lincoln Terrace Uphill,5199601
426,Dean to St. Johns via Albany,5056571
427,"30pmh, make sure you have the light!",10966628
428,Catch That Light,10075775
429,Pitkin Push,14967969
430,Belmont Stakes,14967978
431,Atlactic to sutter sprint,3691840
432,Euclid Up,25516674
433,Pitkin to Dumont (Milford),32229432
434,Lots to Du,34997329
435,Drew St,33474352
436,the border of CD37 ,29876237
437,Jamaica Bay Loop ~ Belt & Crossbay,10178020
438,137th Ave,12864252
439,Laurelton 225th Sprint,1744826
441,Sacket Suicide,26577929
443,Clinton Street Climb (BQE to Union),2547591
444,Degraw to Verona Sprint,12049371
445,Delevan to Hicks,14788505
446,2013 RHC lap,3882937
447,red hook crit course,1133510
448,Dean Street Sprint,2405723
449,Boerum Pl Climb,1748094
450,Bergen St: 5th Ave to Bond St,2416353
451,Hoyt Street Project Blast Uphill,1015102
452,Dean - Hoyt to 5th ave,21190303
453,Dean - Nevins to 5th ave,16198624
454,Bergen st hill,8222097
455,Hoyt St Downhill to Union,4454391
456,Sacket Street Hill,8139351
457,Gowanus houses rocket,8720581
459,Last Vandy UpHIll Home FultonGreene,21177700
460,"Vanderbilt bomb, Lafayette to Atlantic",16157282
461,"Gates to Lafayette, hit the light",18715278
462,Lafayette Pratt Dash,4323069
463,one-block climb from Carlton to Vanderbilt,6449286
464,Lafayette Climb,5176835
466,Bergen Street Climb,6168781
467,Fulton to Lafayette,27581444
468,Franklin: Lafayette to Jefferson,15480377
469,Atlantic --> Greene Sprint ,8626764
470,halsey glide,8351965
471,Quincy: Franklin to Tompkins,4525508
472,jeff  elite sprint 123 go den stop ha ha,6230820
473,Lewis ave to Malc X,6245934
474,fulton ride,6230090
475,Quincy to Fulton via Garvey,17751491
476,atlantic boogie,12742742
477,Ralph Lewis Putnam,34704577
478,stuy mad dash,34083673
479,Putnam to Bainbridge,29922455
480,Mt. Saratoga ,25762336
481,Bomb down Boyland,28403787
482,Most Holy BiCemetery,33903618
483,Jeff Schaefer ,33681609
484,Howard Surfing,28667103
485,Boy oh Boyland ho,29980487
487,Highland Park Reservoir ,5739434
488,End of Bushwick Downhill,5203878
489,Miller Ave (2nd Half),12351048
490,Highland drop,5594933
491,Highland blvd sprints train,6015030
493,Down and Over ,4540032
494,miller ave to vermont pl.,6017215
495,Highland Park micro-loop CW,22850847
496,Crescendo,33474358
497,Crescendo,33474382
498,You Do What You Want,27630860
499,Rockaway to Lib on 101st,31877672
500,Atlantic Ave. Hump,25766347
501,Atlantic to Rockaway (Woodhaven),33496045
502,Baisley Pond Loop CCW From NE corner,33826026
503,Columbia Street Climb,5768781
504,Brooklyn Bridge Park: Greenway Hill Sprint Southbound,19965443
505,Brooklyn Bridge Park: Barbecue Pits Sprint,22352760
506,Brooklyn Bridge Park: Greenway Hill Sprint Northbound,19965451
507,Tillary Silly Little Commute Sprint with a Long Name,10011316
508,Jay St S (2016 BTB),13158243
509,Old Fulton Sprint,8307051
510,Boerum Place Climb,6150655
511,200 Meter Sprint,10877065
512,Tow Pound Climb to PS307,15891679
513,Tillary Dash,4934816
514,BQE to DeKalb,22844778
515,Dumbo Cobblestone Sprint,1149275
516,Get to the Sands,3910136
517,Pratt dash,2008925
518,Clermont climb to Myrtle,20612920
519,Hill 2,14885480
520,Washington Climb â€” BQE to Myrtle,12961220
521,willoughby pratt track,1190740
522,Vanderbilt Climb,1826062
523,Hall st climb,4818279
524,VanderBUILT,7841688
525,Carlton Cruise,7277097
529,Pool Sprint,3592763
530,Flushing to DeKalb,2918555
531,Hart St Neck Breaker ,14131015
532,Pool Sprint,3592765
533,Beaver Climb,1390732
534,Col du Bushwick,7584865
535,Stockholm Syndrome,4061703
536,Stanwix climb,24052975
537,Broadway Boogie: Myrtle 2 Dekalb,5019498
538,Final Sprint: Evergreen Everyday,4904696
539,straight lines,15043617
540,Himroddin' to Freedom Tri,32280518
541,Halsey Hill,7676923
542,Halsey Grind,7676936
543,Weirfield Hill,7340031
544,Everyday is Earth Day,28211054
545,Cornelia Climb,27830078
546,Myrtle to Broadway,25737611
547,Esscentrals ,31552539
548,Bushwick Bodega Bomb,32028132
550,Cypress Ave. Descent,23155293
551,Cypress Ave. Sprint to the Lights,25645403
552,Slope Stephen,11465404
553,Lower Myrtle Sprint,7615273
554,Highland loop and back to cooper,12562413
555,George mini gorge down,29504136
556,Highland Park Counter-Clockwise,9102106
557,Mid Glendale Sprint,7615458
558,Highland Park Loop,5800643
559,Little Cemetery Sprint,29104188
560,Forest Park - West Leg,9824563
561,Woodhaven Climb to Myrtle,17339188
562,Full Lap From the Jackie,18922747
563,Forest Park - Jackie Robinson to Woodhaven,3955187
564,Forest Park â€” West Leg (rev),13011446
565,Forest Park Descent,11875869
566,Forest Park Uphill Sprint,19358333
567,FORE!!!!,20217922
568,Park Ln to Forest Pk - Climb M,12408926
569,The Vista,4052412
570,Myrtle EB Light to ENd,19656321
571,south jamaica drop,24227913
573,Brooklyn Bridge Climb to Brooklyn,10380511
574,Brooklyn Bridge Climb - M2B,12694373
575,Trolls under the Brooklyn Bridge,7287010
576,Walk in the park,11853338
577,Better than East River Bike Path,6072428
578,Brooklyn Bridge Park: Pier 1 Loop,19349424
579,Frankfort-Dover Hillbomb,27087042
580,Dark side of justice (abolish the NYPD),27595222
581,Robert F. Wagner Sr. Pl Climb,2541502
583,ERB - Colears to Williamsburg,20783340
584,Pike Slip to Williamsburg Bridge,20625789
585,FDR Sprint,7282632
586,ERB - WIlliamsburg to Corlears Bridges,20770751
587,Pike Street Climb,4024107
588,Corlears Hook Climb,995134
589,ERP-South-S4,20770561
590,New East River Greenway,2375343
592,Col du Manhattan ,2161579
593,WB West - the hard bit,7812508
594,Washington Plaza,27790738
595,Wythe Sprint ,4513663
596,Metropolitan to Division,1110570
597,S 4th - Havemeyer to Berry ,21587975
598,Cinema Sprint ,10894388
600,Leonard St - Montrose to Moore,14131046
601,Grand St. (Union to Graham),22857634
602,Race the Lights to Meserole,6027410
603,Scholes St Sprint,5228190
604,lil hilly guy,8314061
605,Manhattan Climb,3855638
606,Marcy to Union S. 5th,4525495
607,Ain't life Grand?!?,3993726
608,Union Hump ,10840063
610,Knickerbocker Dash,15949554
611,Jonson to Varick,8313930
612,Scholes Bomb,25026248
613,Metropolitan Ave Bridge From Grand St Eastbound,3992913
614,Flushing to Grand,8313950
615,Grand To Flushing ,11869088
616,Stop Sign Alley,19771245
617,Sleepy Hollow,8441280
618,"Varick Ave, S",2221418
620,Cypress Ave hill,1112069
621,Woodward: Stanhope to Flushing AKA The Woodward slump,10205899
622,Grandview Ave Uphill,10374689
623,Climb up Onderdonk Ave 2 Harman St.,5431441
624,5 Points to Dekalb Hill Climb,3991891
625,Le Col de Onderdonk,749166
626,Harman st to Wyckoff Ave,10205839
627,Lil Cypress downhill,30639460
628,Menahan & Forest,33455160
629,Metropolitan slide to Freshpond,8451314
630,Le Petite Col de 62e,801841
631,Fresh Pond Sprint,7615079
632,Parking lot climb,7623480
633,Corporate Climb,7612685
636,Central Underpass Sprint,7615001
638,77th Ave Break Out,17741561
639,Out of the pines climb,8743689
640,88th St Descent,7615528
641,cooper -> 77th,32043739
643,East Ridge (more accurate),23678697
644,Forest Park Dr Hill After Metropolitan Ave,4198183
646,Greenway n climb,9420288
647,"""The Hill"" in Forest Hills",7385718
648,greenway n downhill,9465484
649,East Ridge,2402163
650,The Back 40,2364389
651,CX Sprint: East,8647266
654,Queens Blvd. Climb To Jackie Robinson Pkwy,2788067
655,Mowbray Dr Climb,2574902
656,Duppy Hill,22774329
657,Main St. Climb from Queens Blvd. to Hoover Ave.,7952158
658,Van Wyck - Beverly,11593423
659,Humping Hoover,28090507
660,Kew Gardens Climb,23845168
661,Kew Climb,29701117
662,Highland Ave Climb,837759
663,Rush to Queens Blvd!,4753939
664,The 140th Climb of Hillside ,10249378
665,The Wall of 143rd,26159486
666,Denzil's Hill,8058573
667,La montÃ©e de Parson,10327599
668,150 street climb,12893829
669,hillcrest school hill,19977855
670,148th Climb From Hillside,32672231
671,Extended Parsons Climb,32117298
672,179th to 169th Hillside,2172960
673,Merrick & Hillside Climb,2173003
674,Crosby Street Climb,3371428
675,The SOHO Slide - WB,18500508
676,Park Avenue Climb,4747138
677,Grand - Broadway to Bowery,22223919
678,Crosby Street Climb,3371429
679,Escape from Chinatown,8227483
680,Chrystie to Prince,22224019
683,Allen Street Sprint (north),20063218
684,Delancey West,15189140
685,Essex to Willy B,12360325
686,Bridge > Allen,10973177
687,Christie Sprint To Stanton,8065205
688,Forklift Boss lvl 1,9640196
689,Welcome To The Jungle (WB to Chrystie),12372092
690,ToSqSo lal,7209992
691,ERB - Wald to Riis,20783389
692,ERB - Riis to Ward Bridges,20770739
693,East River Trail,995122
694,Wythe Sprint: 7th to Metro,4945130
695,ERP to Ave D,20783311
696,ERP-South-S1,20770503
697,Alpe d'Bushwick (Up and down),26230311
698,Driggs McSprint,6029746
699,berry/nassau sprint,9300284
700,Bedford McCarren Straightaway,989561
701,mccaren park track lap,7867725
702,Lorimer Street Climb,4475994
703,Manhattan After BQE,26066898
704,Norman Stretch,8502824
705,Monsignor McGolrick Park Loop,24434657
706,KoÅ›ciuszko Brooklyn Climb,21638434
707,KoÅ›ciuszko Brooklyn Descent,21638491
708,Kosciuszko Bridge Roundtrip from BK,21643333
709,More Morgan,31963083
710,55th St Climb,8502841
711,Little sprint by Verrazano bikes team,10556344
712,58th Place Uphill,4253404
713,58th Place Downhill,4253408
714,Potholes on Page,28586731
715,Rust hill at the end ,32000699
716,69th up Eliot Climb up the Grave,5603956
717,This bit sucks,12855500
718,LIE to the Grand split,22054915
719,69th Pl Climb - Eliot to Caldwell,11932971
720,JK Final Push ,20726660
721,Mount Maspeth,19556976
722,Mount Olivet -->,34129948
723,Fresh Ponderings,34976120
724,Flush - 69th,32317835
725,Juniper Loop,10137805
726,Juniper Valley North,24517454
727,Juniper South Sprint,7615148
728,Juniper Blvd. Bumps,23420597
729,Make it through the Juniper light!!!,27767270
730,80th to Woodhaven,20944422
731,Juniper Park U-Turn,5682653
732,Juniper OMW to work,3644656
733,Cars drive on Juniper to get more _,31393642
734,Juniper Valley Baseball Fields U Turn,33847971
735,Dartmouth downhill,9464842
736,Thornton Hill,9875431
737,burns drop,27715057
738,67th Ave Climb (Sprint!),13631908
739,Austin St Ends,10067258
740,Cote d' Crescents ,24434253
741,Alderton Climb,11631971
742,Y.stone & Burns -> Austin -> 67th Dr Climb -> QB Finish,32459711
743,Fleeting,31393811
745,Yellowstone/Jewel Climb x Queens Blvd,10700387
746,69th: Climb into Forest Hills,10503613
747,Climb of Doom,28309559
748,3:16,31475106
749,"Austin, NYC",30651666
750,Bump Ahead,7807438
751,"Lead the way, Greenway.",10646924
752,72 Ave Short Climb,19817903
753,N/B Park Dr - Sprint to 72Av,10646727
754,Charm Circle TT,21489815
755,main to park dr east on 72nd av,10700474
756,78th Dr hill sprint,21348615
757,Highway by-way,35376963
758,77 squiggle climb,34129993
759,77 hill,34773999
760,Parson's Ascend,779352
761,"168th st, Goethals ave to grand central pkwy",16260980
762,Alan Parsons Proj,31274570
763,3100 loop,1712982
764,Queen Hospital Bus Stop Climb,3833708
765,Grand Central Utopia ,34573378
766,GCP...midland pkwy to doncaster pl.,29737335
767,197 To Marengo,24190810
768,hillside -dunton,12834205
769,Hillside 197th to 188th,13332105
770,midland 2 188th St ,7276197
771,holliswood snake,10429318
772,188th climb to the park,30450735
773,91st Ave,25761120
775,6th ave up from Houston to Greenwich,18569797
776,Gansevoort to Christopher,18192824
777,Mac Dougal Street Climb,3190707
778,13th Street Sprint,20206166
779,8th Ave in the West Village,13793049
780,The Waverly Place Sprint,25219633
781,Bank-Wevelgem,6279288
782,Christopher Street,24074265
783,7th Ave 11th St to Houston,5104386
784,2nd ave - W22nd to St Marks,15842794
785,Park Avenue Climb,3371430
786,E9th to E17th on 4th ave/Park,15763283
787,First avenue loop,15556409
788,ERE- Skyport to C,20770642
789,22-15 East River Bikeway,19145315
790,UN Int'l School & Waterside Plaza Club S-bound,21643001
791,Avenue C loop,15556391
792,Freeman Street (McGuinness to Franklin),16544497
793,McGuiness Sprint w/ Trucks,13310524
794,Manhattan not Manhattan,5296637
795,Pulaski Bridge Twist,7488362
796,Greenpoint Ave Hill Sprint of Death,3843506
797,Provost or bust!,25267227
798,The Greenpoint 1/4 Mile Sprint,24415585
800,KoÅ›ciuszko Queens-side Climb,21638460
801,Squiggle,23135797
802,KoÅ›ciuszko Queens Descent,21638486
803,lenoble lumber and lazers,15497360
804,under the bridge,15497357
805,The exciting way to the Kosciuszko,28836659
806,58th Street northbound climb,2646086
807,shady hill,15497349
808,Laurel Hill Blvd. underpass east,2617223
809,Laurel Hill Blvd. underpass west,2617247
811,A little fun!,26485938
812,cote du maspeth,2694262
813,Cote du Maspeth between the lights,7213896
814,65th Street kick-up,2617240
815,53rd Drive climb,3053869
816,Baby Back Hill,5995036
817,65th hills,7410927
818,74th street climb,25539293
819,N65,33927769
820,Queens Blvd - Grand Ave to Woodhaven Blvd,22326869
821,Broadway to 90th st.,18436635
822,Aleister Crowley Descent ,31897316
824,Horace Harding Express,7779071
825,66th to Horace Harding via QB,33258478
827,Meadow circle ,5421180
828,Meadow Lake//Inside Track,4079484
829,Meadow Sprint North ,7465534
830,Meadow Lake,1478306
831,Meadow Lake Sprint South,21853343
832,grand central bikeway sprint,30649965
833,GCP 65th-68th Avs ,31888639
834,Worlds Fair Race counter clockwise,28940234
835,col de 136th,4687304
836,John Bowne HS sprint,21514381
837,QC Track CCW,10646734
838,150 jewels,31393602
839,l8 4 class ?,10728813
842,elechester dash,10571236
843,Jewel to Horace Harding downhill,10955494
844,Climb past the Precinct,19520421
845,Kissena Blvd: I-495 to Kissena Curve,10533086
846,P'NOK BUMP,10558962
847,KEEP UP WITH THE CARS! Pomonok Service Road Climb,10483437
848,Parsons Climb to Jewel Southbound,19520412
849,73 to 69 sprint via 164,29067880
850,Sprint to Utopia,3833842
851,Utopia Hill,7813183
856,let er' rip,12446048
857,Middle Woods Loop,22627185
858,Over 73rd South Bound,23045530
859,Le Mans Queens Cycling ,11637216
860,cunningham loop,10235737
861,UTP: Bell Blvd. To Springfield Blvd.,2692026
862,SaWyEr To UnIoN TuRnPiKe,19568373
863,Springfield: UTP 2 Hillside,2692032
864,Three Climbs,15693904
866,14th Street Cobbles,26763896
867,"03.0 - NB, W17th - W22nd (WSH)",5106957
868,Race to MSG,24941640
869,RSK: South:  9th Ave W31 to W23,12183357
870,9th ave 29th to 18th SB,7762458
871,10th ave - 14th to 22nd,16091397
872,Rise to 9th,4938723
873,Sprint Past Grumpy,4041840
874,9th ave: 34th to 16th,16003619
875,If the Pins embrace the ball... so it be,22764197
877,8:57,10919523
878,Empire state of mind (southbound on 5th),11238721
879,Wholesale District Broadway Bomb,14847860
880,E 38th St Climb,1326291
881,East 26th Street Climb,3037785
882,Madison Hill (32-34),10839761
883,Down Lexington,23396561
884,1st ave Tunnel,9068633
885,The last uphill,7894541
886,48th to 44th Climb,5314137
887,685 First Avenue Citi Bike dock to Dag Hammarskjold Plaza,25644230
888,East River Platform (UN and U Thant Island),21643068
889,Hunters Point Angle,5955725
890,23rd Street Twist ,16566020
891,Enth St,4848196
892,11th St LIC U L8R,23230189
893,Time to start cooking rice ðŸš,27902496
894,Egg salad is an abomination,25168222
895,PS1 Sprint,16544504
896,Lower Roosevelt Crit (reverse),16294403
897,Skillman to 49th,16609058
898,Court Sq to Pulaski,35250947
899,Skillman Blast,11825598
900,43rd Avenue Hill,2640502
901,Sunnyside Yards/Queens Blvd Bridge,4253434
902,"Honeywell St Bridge, N/B",4563534
903,Skillman Ave,12721873
904,Stairway to Sunnyside,24634514
905,N.Blvd (31 - 37),11702841
906,"39th Street Bridge, S",2221426
907,Honeywell St. South ,7841168
908,47th Avenue - Just the climb,20106034
911,43rd Final Sprint,7723495
912,Roosevelt Climb,5463466
913,Skillman Screamer,13174021
914,Doughboy Turn,3684230
915,bliss out,15275846
916,Windmuller sprint hill to Skillman,2645749
917,43rd st climb,16451475
918,39th to Queens Blvd,12440704
919,34th Av. Travers Park to I-278,5534178
920,65th Place - Queens Blvd to Woodside Ave,3723532
921,woodside climb,10477906
922,65th Pl Climb,3674779
923,climb to the ice cream truck,28195285
924,Welcome to Woodside,19644104
925,Pigeon Paradise ,35232938
926,Climb the hill to make the train,15381613
927,Travers to 69th,29442021
928,Bway Woodside to Whitney,19124722
929,Climb to Elmhurst Hospital,33258466
930,43rd Ave Hill,13062750
931,108St Descent & Ascent  ,34854431
935,Eisenhower Sprint,7474868
936,Perimeter Road Loop,4037940
937,Park Office to Unisphere Ascent,13670475
938,industryPond10kTT,9448814
939,Ed Tischler Tribute Sprint,12875705
940,Shea Rd Loop - Circle,24712554
941,Zig Zag Loop Around,28363223
942,Bury the booth memorial,12006706
943,Up Through the Garden,15117659
944,Colden Curve,10645238
945,57th Rd to Main St,19245001
949,Flying 200,8646723
952,Kissena Park 164th Street Downhill,3884715
953,Under the Willow Tree - I,10497065
955,KISSENA LAKE CCW,10533842
956,Family,17945599
957,Booth Memorial sprint F.M. La. to Utopia,6879926
958,FM Lane Along Kissena Golf Course,25804660
959,Underhill sprint west,12523741
960,Long Island Expressway Climb,5337021
961,Full Gas Up Utopia,9882518
962,Hollis Court Sprint,11532407
963,188th Push to Utopia,25346370
965,Moto Track,8110549
967,last and tight ,22148148
968,Iguana,9128939
969,CHP Horace Harding West Riser,5650100
970,Cunningham's Humps,19606529
971,A Couple of Blox,2436666
972,Preppin',5711449
973,The Home Stretch,2555388
974,2.2% 73rd Ave sprint,12954092
975,Springfield to East Hampton Along Alley Pond,4443892
976,LIE to Cloverdale,11975003
977,73rd Ave Alley Pond Park Climb,3833755
978,Alley Pond Park Borders Hills,2698141
979,"05.1 - SB, W46th - W38th (WSH)",5107535
980,Final stretch to Josh's Apt,15296129
981,"05.0 - NB, W38th - W46th (WSH)",5106994
982,hudson path: 34th for 42nd,2512625
983,11th ave - 30's,21813039
984,real 34th st,7316123
985,11th ave - 40's,21813029
986,Bryant Park Sprint,9319389
987,5th 52nd to 44th,6087828
988,8th ave climb - 42nd to 56th,14097170
989,6th Ave hustle from Bryant Park to Central Park!,17426543
990,6 and a half,3794581
991,7th Ave 53rd to 44th,5104446
992,Frankie Shane Lane,2103669
993,Times Square smash,24470857
994,Queensboro Climb,5456486
995,2nd Ave midtown 57th to 50th,5534236
996,Sutton Sprint,5008179
997,"coming off bridge, to work",6969910
998,all cars are bad,27327868
999,59th St dash... don't run the lights,8304416
1000,53rd St - Sutton sprint climb,4966572
1001,QBB Entrance,11983847
1004,Rainey to Queesbridge South,24683219
1005,R.I Bridge Westbound (Elevator Access),18425589
1006,R.I. Bridge Eastbound,1263248
1007,Approach to Queens Cut-off,11983890
1008,Queensbridge to Rainey North,24683250
1009,Ramp up to Roosevelt Island Bridge,11898419
1010,Roosevelt Island loop (without FDR Park),7314899
1011,2016 FBBT Mile 15,11765178
1012,Cresent - 30th to 39th,7660033
1013,34th Ave Hill,12164298
1014,bway climb,10546403
1015,30th Street (Broadway -> 36th Ave),16547382
1016,31st and send,29885865
1017,fly by steinway,2132371
1018,Broadway to 31st Ave,20735625
1019,Newtown north,2288370
1020,Broadway to 48th Sprint,33258441
1021,Short grind over 32nd,14585965
1022,69th-75th Northern,34157346
1023,this Jackson's height?,35232930
1025,ðŸŒŽ downhill into the gateway!,26009474
1026,Ditmas to City field via marina,26280473
1027,ðŸŒ uphill out of the gateway!,26009493
1028,Too Promenade,16016317
1029,Ditmars climb,1592797
1030,why is queens just random numbers,30650129
1031,Northern to Astoria Blvd,30866483
1035,Prince Street Pop,2291420
1036,Roosevelt Av East over Flushing Creek,10621223
1037,Shea Rd Loop - Boat Basin Pl,24712619
1038,Prince Street Pop,2339784
1039,Franklin Ave to YMCA,15711889
1041,lirr station bump,10628520
1042,Franconian Hill,12501423
1043,Franconia Climb,12501418
1044,S/B 149th st - murray hill ,10383738
1045,don't ride on the sidewalk,8585776
1047,E. Hampton Blvd - 50th to 57th Ave.,5854579
1048,Oakland Lake Hill Short,8238967
1049,Oakland Lake with left turn,8238972
1050,Oakland Lake Drop (QCC to Northern),10621209
1051,nothern blvd to douglaston hill,35141799
1053,Walk the bike,12489008
1054,66 Light to Light,5128527
1055,Amsterdam to West End 60th St Bomb,24070364
1056,57th street hill bomb,27217966
1057,10th Ave Hill btwn 54th and 61st,1343384
1058,the light fantastic,12256364
1059,W61 hill (WEA to Amsterdam),20951007
1060,58th Street Climb,23490027
1061,58th St Hill 11th to 10th Ave,4266725
1065,72nd Grand Finale,7940201
1066,Terrace Dr West to East,5502783
1067,72nd to 60th Loop,9974942
1068,Cats Paw Slippery Dip,16425679
1069,5th Avenue Mornings,3990142
1070,MADISON - 72ND TO 78TH,7065036
1071,Cat's Paw Sprint,849072
1073,Gracie Mansion Carl Schurz Hill,10626456
1074,76th st Sprint to 89th st,9554356
1075,Ramp It Up,22437778
1076,NYCEwheels Bke Shop,10247829
1077,84 - PARK 2 2ND,9802663
1078,EAST END AVENUE CLIMB,7065289
1079,Arturo's hill on York Ave.,16125309
1080,Carl's Sprint,23867278
1081,Costco Downhill,4299419
1082,8th street Hiccup,1590704
1083,Steep hill sprint,7716349
1084,Astoria Park South,24683162
1085,12th St. Coast,24873732
1086,Cars can't pass ya,26500481
1087,Mt Sinai Climb,5694598
1088,Astoria Park Riser,1342166
1089,Socrates to Park (MTB),9640227
1090,Crescent to Vernon,24683015
1091,28th to 24th Av Dash,9217237
1092,Ditmars to 27th to bridge,6691031
1093,31st to Crescent (24th Ave),7314835
1094,24th > 35th Climb,9435526
1095,Crescent sprint,21778457
1096,23rd Ave. Speedway,4121385
1100,Ditmars Straight (43rd - Hazen St),11975017
1101,St Michael's Cemetery strip,5551622
1102,haul ass and make the light!,10886063
1103,short hill climb,10509736
1104,One Way âž¡ï¸Ticket ðŸŽ« to Rikers,26066636
1105,21st Avenue Ramp,3779563
1106,75th Street Pop,1438604
1107,Col de Vingt et Trois,1438618
1108,That hill tho,18205197
1109,Up is what counts. 94th st. ,23702339
1110,Runaway on the Runway,30650256
1111,Tiny Grind,28840176
1112,The best segment in NYC,30650035
1113,ACAB: NYðŸ·D,22167962
1114,College Point Blvd Sprint Heading South,7025218
1115,Race to the peak in College Point,8180629
1116,Swamp Road ,9396408
1117,DðŸ·YN :BACA,22167979
1118,Swamp road back,12523347
1119,Real Race to the Peak,8182867
1121,Union busting ðŸ¤®,34130363
1122,215th Pl Hill,17751873
1123,ST.Mary climb,17814479
1125,From Shore Road to Richardson Park,4443686
1126,Ridge Road,1339224
1127,Park Lane Climb: 17% Grade,4290667
1128,ridge crossing,18067754
1129,hammer through the hood,15545985
1130,Northbound Ravine Trail,27775372
1131,DOUGLAS PENINSULA ,26416473
1132,next to ridge,3798087
1133,Douglaston  loop,8581771
1134,Guttenberg Rollers,18001611
1136,"We hawken', bro ",14322213
1137,The Lacemaker,12712670
1138,I am the cosmos,12712686
1139,Defino Way downhill (Blvd E to Port Imperial),7775089
1140,AMD Way (60th St),7216116
1141,60-68th Fun Hill,8307573
1142,54th Street ,8245208
1143,Bulls Ferry to State Line and Back,2016719
1144,W79 roundabout to W72 tunnel,14592448
1145,W79 Basin Detour North,21674444
1146,around the outside,13177243
1147,W79 RoundAbout Full Detour,20783298
1148,79th street hill,16388035
1149,Riverside Drive: W72 to W79,23132488
1150,Riverside Dr. 86th to 78th Hilll,1799065
1153,West Side 1k,9126055
1154,93rd St Sprint,1676831
1155,CP Northwest to East Cutthrough,20972247
1156,Middle Inter-Traverse CPW sprint,5730143
1157,Zelda,9488644
1158,5TH - 90TH 2 84TH,9802690
1159,CP inside lap from EG,16009492
1160,90th to 102nd (1st Ave way),10772257
1161,Lexington Ave - 103rd to 102nd Hill,1750576
1162,PARK - 90 2 84,9802684
1163,E  93rd Street Climb,25551800
1164,E. 91st Climb â€“Â 1st to 5th Ave.,23097555
1165,Captain to the Bridge!,21976521
1166,1st Ave Climb,2890277
1167,Quick climb 3rd to Lex,10217779
1168,up and over,18400123
1169,Lexington Ave - 104th to 92nd,1750528
1170,BCC - Footbridge to Randall's Island,14038591
1171,Hard pack it,25695108
1172,Randalls climb and dirt road,16268224
1173,Triboro Bridge Climb (Wards Island to Queens),12903091
1174,S Wards,14820608
1175,Salt Marsh Easy Up,9548206
1176,Ward's Island Bridge to Field 74 Speed Trial,9291513
1177,W.I. 300m Sprint,8013894
1178,400m Sprint,11752466
1179,Wards/Randall's CtrClckwise Full Loop,16654691
1181,Power Plant Climb (East),1649725
1183,Riverside Sprint (MTB),9640207
1184,Astoria Park Ditmars Climb,5466723
1185,Ditmars Park Pop,7583781
1186,Ditmars Park Climb,1738771
1187,"Mont Vingt et Un, River Approach",2392103
1188,Mont Vingt et un ,1474305
1189,Power Plant Hill Complete,8172257
1191,130th Onramp,4429571
1192,The Shiva Bowl ,8176069
1193,Whitestone Expy sprint southbound,5534200
1194,G U Harvey Two Laps (bec. One lap is too short for Strava),33733972
1195,Whitestone Expy Service Road Hill,33759296
1196,Little Bay Park E to W,15621440
1198,Cross Island Loop,10384508
1199,Fort Totten,776612
1200,Little Bay Park W to E,15621402
1201,Fort Totten X2 CCW,12718866
1202,Harbor hill half pipe,27173009
1203,Shore Cliff Climb,21513118
1204,Cinderella Man Northbound Hill ,14320921
1205,Cinderella Man Southbound - Hill 1,14320668
1206,Bull's Ferry,818535
1207,Guttenberg Waterfront Palisades Park Loop,25999350
1208,Park Sprint to 79th,7716188
1209,small hill test,4115883
1210,Bulls Ferry Descent,21458728
1211,Riverview Drive East,15881639
1212,Left Bend on the Left Bank,3026203
1213,Let's Do a 68,9288045
1214,Jelly Legged Last Blast,5998750
1215,NYC TRI 03 DESCENT 01,15010648
1216,W110th Climb - Sprint Block,14644720
1217,97th to 103rd Riverside Climb,5209226
1218,Full West 110th St. Climb,13961578
1219,Race to Frederick Douglass Statue,12686632
1220,West 96th ,5501005
1221,The 106 slope,25041314
1222,West End Ave Climb,2395373
1223,Real Hudson River Greenway to WEA Climb at 104th,5466704
1224,106 to Hudson (CHAIVY STERN),15317308
1226,The ACTUAL Harlem Hill - Non-Race Times,21872168
1227,CP_Pool.Downhill,7819975
1228,East to West Dr,9351631
1229,Harlem Hill Hot Lap,21422368
1230,"Red Light Alley (Don't run reds, you will be ticketed)",25285655
1231,HH from Adam Clayton,26028457
1232,5th Av to the Museum,13255474
1233,Malcolm X Boulevard Climb,4143596
1234,Lex 116 to 110 Sprint,8299049
1236,Randall's Island Greenway Sprint,10599853
1237,FDR RA Bypass,11983834
1238,New Wards Island Crit Circuit (Clockwise),18227805
1239,Randalls crit - windy stretch to the finish,20108693
1240,Harlem River lift bridge West,10577638
1241,"TriBoro Bridge, Manhattan to Wards Island",4457582
1242,Agility Test,18302020
1243,Randalls Island Technical Section,28474355
1244,Randalls crit - 5 laps,20108707
1245,Under the bridge sprint,10490584
1247,Sunken Meadow Half Loop Sprint,10671237
1249,Triboro: Bronx to Randall's,15517384
1250,bump to the bronx,3656868
1251,Beer  & Doritos #1,8176056
1252,Short rough climb,10955484
1254,3rd Ave. Mafia Sprint,2175453
1256,Romola Dr Climb,801992
1257,Cooper Climb ,15785383
1258,Byron & Cooper Steak Night,8307192
1259,SR park hill,28380623
1260,Romola Bridge ,29611156
1281,Queens Blvd Blast,11122409
1304,CR Final Sprint,31852658
1305,156 Ave (77st to Belt Pkwy),8118069
1312,HD,5069744
1313,Pineglass Trail,9869462
1314,squirrel squash,8411241
1315,Forest Park Bridle Path,6892967
1326,climb #2,7381007
1327,67th Ave to 102nd to 108th,30499412
1331,Jewel to 164th,32518628
1332,69th ave sprint,29067864
1343,Flushing Meadows Loop - CW,9891816
1344,Queensboro VFW Hill,26243832
1345,Flushing Meadows Loop - CCW,9555217
1346,164st to Kissena via Booth drop,10850534
1350,60th Avenue Climb,25332362
1351,Loop from the park,34350018
1352,unisphere ccw,9435949
1353,Around the World! clockwise,9493565
1355,Underhill Along the Golf Course,10483409
1357,Industry Pond Counterclockwise,5447406
1358,Industry Pond Clockwise,12914836
1360,KWM Loop,35442619
1362,Flushing Meadow Full Loop,673762
1363,Flushing Meadow Park Northern Loop,670022
1365,Roosevelt E to College Point S,30649997
1372,W/B 3/4 o' Flushing Bay Promenade,10621148
1373,Crocheron's Hump,29999169
1374,Crocheron Climb to Flushing,29999162
1375,23nd ave union-171st ,33039763
1376,20 out ,9239880
1378,11th to Malba,31273769
1385,Breezy Point Sand Trail,24478874
1386,gravity apply  in a different way here,30231637
1388,Food truck entrance to Rockaway point Blvd and back ,8333274
1389,Food truck entrance to Rockaway point Blvd and back ,8333258
1390,Last Sprint Effort,9595982
1391,Jacob Riis Park Promenade NE,21339874
1392,Jacob Riis Park Promenade SW,21339886
1393,Riis Dunes ,19245862
1395,Seagate W 37th,21498852
1396,Calvert Vaux Loop: North Entrance start,34712337
1397,Coney Mini Loop,31088872
1398,Calvert Vaux Loop,34712307
1400,Cropsey Ave Bridge to Neptune Ave,21080445
1401,MCU Park to Thunderbolt,21189281
1402,Stillwell Ave: Neptune to Harway,25032925
1403,MCU Park Sprint to Coney Island Station,21080471
1404,Cropsey Bridge ,10932907
1405,Crispy Bridge Outta Coney,31088883
1406,Mrs. Lincoln stroll,12793842
1407,King Neptune is Uzbekistani ,12881204
1408,banner to manor,7304932
1409,Over the Belt and to the Bay,1641434
1410,Manhattan Beach - West End to West End,15331608
1411,Shore Pkwy Corner to Corner,11686797
1412,Shore Blvd Complete,3825976
1413,Brighton Beach Ave Boogie-down beat,12881183
1414,Brighton 10th Street,25193552
1415,B14th to Ocean Parkway West,32174921
1416,Oriental Blvd Amherst Start,5196901
1417,Oriental Blvd In and Out,4253561
1419,Finish at belt ,1587212
1420,Jamaica Bay Loop,1517729
1423,floyd abba,15990992
1424,Floyd Mini Crit Lap Reverse,24546960
1425,Floyd Bennett Field: Mini Crit 3 Laps CCW,24600375
1426,Dead Horse to Flatbush,33841246
1428,W Bound 116th St. Straightaway,22621356
1429,E Bound 116th Straightaway,22621370
1430,W Bound 116th to End of BW,22621361
1431,Potholes Galore!,21542022
1432,W Bound Concession Sprint,22621354
1433,Rockaway Triathlon Bike 9/22/19,21872746
1434,RBB x CBB Westbound,33500205
1435,Shore Front Pkwy Complete Loop,35057229
1436,Vernon to Erie,18782206
1437,Erie to Vernon,15819909
1438,Ocean sprint,9428440
1439,Ocean Blvd Loop,21125042
1440,Shore Pkwy: Ceasarâ€™s Bay to 26th Ave,22644367
1441,Bobby G gunnin' for Bay Pkwy,4994730
1442,th Street Climb,5823758
1443,S HUMP,24900048
1444,U HUMP,24463185
1445,T HUMP,26158719
1446,T HUMP (east),26567014
1447,"Stillwell, how bout you?",32282763
1449,Avenue Y Sprint,9997848
1450,Ave U (19th to 17th),2256164
1451,East 12th Street Climb,3135403
1452,Avenue Y Sprint toward OP,9998400
1453,East 12th Street Climb,3527215
1454,East 7th Sprint,9986231
1455,U to X train down,18499103
1456,East 12th Street Climb,5770337
1457,15th Y-U,32275334
1458,Ave Why -Nostrand,32273869
1459,E 28th: t to z ,34884521
1460,Braggs to Ocean on W,32273796
1461,Gerritsend Marine in and out,33853353
1462,Smell Bank Creek,33971284
1463,"Guys, have a safe race!",13497654
1464,The Original Far Rock Loop,5283453
1465,Over the bridges and through the woods,1140281
1466,Social Distancing 14k ITT at FBF lap 1,23504152
1467,FBF Tuesdays,10227230
1468,Floyd Bennett Field: Long Course,25033013
1469,Floyd Old 6-24 Runway Southwest,25685860
1470,Social Distancing 14k (4 laps) ITT at FBF,23504078
1471,Floyd Bennett Field: 1st to 3rd corner,25032968
1472,Mangoseed Floyd Course,796796
1473,Floyd Bennett Crit Race Lap,5624022
1474,Spring Series Floyd Course,7003231
1475,Just Plane Wrong,29021546
1476,Cross Bay Veterans Memorial Bridge Northbound,21498899
1477,Cross Bay Veterans Memorial Bridge Downhill,21498920
1478,easy crimes ride,6263156
1479,Cross Bay Bridge,1488607
1480,Beach Chan 1,33496024
1481,Up the Cross Bay Br.,32101102
1482,Rockaway Boardwalk Sprint (East),11774871
1483,Rockaway Boardwalk Sprint (West),11774686
1484,up the bridge,15789456
1485,5T FBW TT,15222032
1486,BPTT - Full (Boardwalk Both ways),17679408
1487,Atlantic Beach Bridge (South),9721144
1488,Atlantic Beach Bridge (North),15470538
1489,O'Donohue Park sprint,10702895
1490,B13 to B125 ramp to B13 TT,21484542
1491,Third Time's The Charm (B9-126),16381628
1492,Back Lawrence Alpe D'Huez,10525803
1493,Sprint over the bridge,7936434
1495,Shore Rd Final Descent South,21014532
1497,2016 FBBT Mile 36,11803574
1498,Belt Pkwy Bike Path Sprint North,19547750
1499,Up and Over: Small Hill at Bay Ridge Promenade Start,20801474
1500,Belt Pkwy: Denise Wharf and Verrazzano Hill North,19547693
1501,Verrazano Mini Descent,21014020
1502,Bay Ridge Harbor Bike Path + Shore Road,858433
1503,In the Shadow of I-278 (Ft Ham Pkwy and 101st),21013824
1504,Poly/7th from 92nd to Cropsey,24897241
1505,Poly/7th from Cropsey to 92nd,21013802
1506,dyker golf course back side,1247191
1507,20th ave: 86th to 68th st,32399313
1508,BR Pkwy SE,32273851
1509,19th Ave sprint,32930524
1510,Ave P is for new Pavement!,5909501
1511,West 9 Highlawn to Bay Parkway,27081365
1512,O HUMP (East),26540335
1513,Kings Hump (West),26540480
1514,BHARGO,13059915
1515,P HUMP (East),26540418
1516,P HUMP (West),26540392
1517,sberry letter 23rd ave,33502749
1518,W10th,33853336
1519,Sammy Goldberg Tri,35442782
1522,Ave R Between Ocean Pkwy and E17th,5546882
1523,Ave S: Ocean to 13.5,34425685
1524,Ocean N->R,29923476
1525,Avenue Now!,30458455
1526,Avenue P Transition From OP to Coney ,28758993
1529,3692 Breezy Loop,1965727
1530,Gerritsen Avenue,5359851
1531,3692 Belt Loop,1516827
1532,Marine Parkway between Filmore and Quentin,5585203
1533,Marine Parkway between Quentin and Filmore,5544169
1534,Marine Park Lasso,17247497
1535,V to Hendricks,12865758
1536,E 37th St Climb,1081088
1537,37 to Burnett after Floyd Racing,17379259
1538,Flatbush Superbikeway,30458479
1539,Ave T TT,33682105
1540,Two laps for extra servings of tree roots,29867699
1541,Inner ring,24595452
1542,E 63 S,24595437
1543,Dakota / Whitman,24595447
1544,E 65 S,24595419
1545,E 64 N,24595423
1546,E 65th St - Strickland Ave to Mayfair Dr S,35141915
1547,Point Lookout Time Trial Challenge,6981499
1548,Empire Ave.,7178680
1549,Brunswick Breakaway,10173549
1550,If you are really from FR then you'd do this Segment on roller blades...,18062849
1551,LIRR FR Overpass Sprint,34344327
1552,Central to Mott,31837591
1553,Lawrence club straightaway,7623208
1554,BL &,12320213
1555,Meadow North,14847575
1556,LMS Single Lap Counter-Clockwise,14788461
1557,Shore Road Main KOM (Fort Hamilton HS to 94th St),21014500
1558,Shore Road: Flying North Past Fort Hamilton HS,21014515
1559,Shore Road: Old Glory Lookout Hill South,21121684
1560,Bayridge Belt Pway Loop,15402353
1561,Shore Road: Fort Hamilton HS Hill North,26843228
1562,86th St East,24460745
1563,Solar Hill,27953812
1564,Rosa Run,28441056
1565,86 Street Burst,2033125
1566,86 swing to 83,29867627
1567,Fort Hamilton descent,23240887
1568,76th st climb,35258602
1576,18th Av from 60th St,27081279
1581,J to H via pedestrian path,25751173
1583,Bedford MJ,33853369
1584,AFK flatbush-bedford,31054830
1585,Flatlands Sprint: Utica-RalphAv,7627971
1586,Avenue M to Avenue I via 56th street,16124193
1587,Ave Nyet,30458583
1588,Let's Shop Avenue N,17227353
1589,Ave M: 59 to Utica,34255197
1590,Paerdegat North Sprint,10449729
1592,Paerdegat Flats,26095189
1593,T-W Bergn,32275512
1594,Into the sun (just 93 million more miles to go),28883479
1598,Jamaica bay loop jam session.  Canarsie park start.,24235848
1600,Inwood expressway sprint,14994330
1601,Oakland (W Broadway to Peninsula),25069655
1602,North Woodmere Crit,9686597
1603,Argyle Rd. sprint,5747498
1604,Argyle Rd. sprint N.,5858917
1606,Pier/Verrazzano mini climb loop,24826914
1607,Curving the Pier!,27046009
1608,Secret Little Forest (breathe it in),10805847
1609,Slapping Pythagoras,25720981
1610,Bay Ridge Ave: Colonial Rd to Bike Path,21178905
1611,Angelhair,7550764
1612,Wakeman Summit ,12793918
1613,Owl's Head Park CW,19547652
1614,Take 1,10349854
1615,nd St Climb,2370468
1616,60th Street climb,4920253
1617,John Travolta ,25223695
1619,6th Ave Climb to Sunset,11844884
1620,bridge-church 5 ave ,7855223
1623,9th Ave Uphill,7711263
1624,11ave - 58st to 45st,13251218
1625,10th Ave,12935710
1627,Make Newton Proud,30670839
1631,Just Getting Started,28672200
1634,Spooky Choice Sprint,34883035
1635,Foster Ave Climb,2593982
1636,Preston MTB,29976721
1637,Flatlands Downhill,3664570
1638,Remsend,30115286
1639,102nd Street Ride,17143651
1649,Shirley's Temple,22046202
1652,North Woodmere Crit Course,24367415
1653,Branch Off to the Park,18174617
1654,Branch blvd south bound,35214895
1655,Bush Terminal Bike Path to Nowhere,17604105
1657,23rd st hill,710614
1658,36th St Climb,653024
1661,Greenwood Cemetery Hill East & 23rd St. Climb,1709197
1663,24th st. Hill,3467977
1665,39th corner to 41st Street,30007669
1668,Prospect Pure Downhill,4362776
1669,10th to Downhill,28030884
1670,PP lower loop (from West side),16141776
1671,Take The Corner,17900461
1672,Fort Hamilton Parkway - Ocean Parkway Overpass,1822155
1673,PP Barthel Entrance to 16th St Exit,5770475
1674,Greenwood Cemetery Hill,860126
1677,Prospect Velodrome Uphill Kilo (Charlie I finish),2910215
1678,Breeze Hill,22014261
1679,Prospect Park Cat5 - 5 Laps race,4038195
1682,Up to Flatbush Ave ,25918717
1683,Flatbush to Lefferts Trail,5124634
1686,Smokestack Sprint ,10805143
1693,Ave Defund,32273511
1694,Rockin the New Lots Away,34180815
1695,Louisiana Avenue Climb,5682697
1697,Mini Tour De Gateway,11120303
1698,Gateway Drive Northwest,13310942
1699,Gateway spin beat the bus,16400843
1700,drivers definitely 'mirin,33474334
1702,Women Do Be Shopping Though,34997369
1704,jeff fulton bikes elite brooklyn sprint 123 go,6290422
1713,NoWo Sprint!,25731627
1716,Beard Cobble Run,13091785
1717,Beard Street Trip to Ikea,19846588
1718,Columbia Street Esplanade (IKEA to Erie Basin Auto Pound),22352365
1719,Stevie's Sprint Shoot Out,25699374
1720,Red Hook Sprint reverse dir.,4613447
1722,Red Hook Sprint,4613429
1723,Columbia Street Esplanade (Erie Basin Auto Pound to Bay St),22352374
1724,Sprint to the Gowanus!,16314917
1725,9th st from 3rd to Smith,22306533
1727,BQE to 5th Ave hill,5948702
1728,3rd to 6th av (via 17th street),24688219
1729,PP - 3rd St to Bandshell,18935484
1733,3rd Street Climb,5443471
1734,Center Dr Climb,1488051
1735,JK: 3 Lap Tempo,4972666
1736,Grand Army Uphill,11714992
1738,Carroll to 3rd Street Climb,12781330
1745,Fire! Fire! Sprint!,11636860
1746,CH climb Empire to Eastern,4442567
1747,Mid Bedford Drop,4127793
1751,Dean St. SPRINT,26014018
1752,Nostrand Drive,5603930
1753,Lincoln Place Climb,6564383
1757,s4,24973329
1760,grenada ride,6230103
1762,St.Johns pl - Utica to Eastern Pkwy,12418948
1764,Utica downhill Sprint,4470076
1766,Up Utica We Go,11034960
1767,I'm In Danger,31176201
1770,Atlantic overpass (Crazy guy special),9794653
1771,Speed bump for Verrazano guys lol,12883710
1773,Hinsdale,32273735
1775,Soup for my family ,28058120
1776,Bradford - New Lots to Pitkin,13310946
1777,Liberty Ave vs Ave Nots,31828227
1778,New Lots to Pitkin,31567246
1781,Crescent North,33474417
1782,Sutter Butter,33474355
1784,84th st bike lane,14201805
1785,Pitkin Premiere ,31043120
1788,79 to Linden,30408539
1790,102 to NPP,32025509
1791,N Conduit Springfield to Brewer,34947141
1796,Red Hook Dragstrip reverse dir.,4613403
1797,The Oval (widdershins),9663867
1798,Governor's Island Speed Circuit,8107442
1800,Red Hook Crit 2016 one lap qualifier ,11954290
1801,Yankee Pier Loop,28370576
1802,RHBk18 lap ,17511578
1805,just the hill ,20358412
1806,Columbia Street Express Bike Path,8424477
1808,Smith Street Squeeze (1pl to Atlantic),25564336
1809,Henry: Atlantic to Kane,20237035
1810,Hicks Street Drag Strip,12721935
1811,Court Street Drivin' - Bergen to the Park,3476496
1812,Union St Climb,881568
1813,Lafayette Ave Climb,3672831
1816,Baltic to Atlantic climb ,4920098
1817,bergen crunch ,12243725
1818,Dekalb Ave Downhill,3722077
1823,Old School Race Down Hill R.W.,13323017
1827,Beat the Franklin light,13666194
1829,ALL OF THE LIGHTS (Lafayette to Halsey),14222244
1831,f ride,6230110
1834,Marcy Mash Fulton to Lafayette,25367250
1835,Castlemania,30424857
1838,Fulton to Halsey sprint,12409170
1842,Mount Bushwick ,10925011
1845,Mount Bushwick II,27630976
1846,Halsey Hustle,4067949
1850,Section 1 (DTL),22092804
1851,Highland Park Sprint,15597143
1854,Highland Park Climb,2348956
1865,111thâ„¢ï¸,27582934
1867,Francis Lewis Bike Lane Lap,32650386
1869,Where idiots jog - NW,20789759
1870,Battery park westbound,11238223
1871,Helicopter Pass,2315390
1872,Island Loop,14757650
1873,Castle Clinton Bend - South,16287984
1874,Hudson River Park Loop,1700911
1875,Battery park to lighthouse roundtrip,14440547
1876,Down the hill!,9791903
1877,Brooklyn Bridge Park Main,10680206
1878,"Brooklyn Bridge climb, Manhattan-bound",9435429
1880,Brooklyn Bridge Park southbound,15418149
1882,Furman: Fulton to Joralemon,5258930
1884,Adams drag strip,19680008
1886,Vanderbilt to Navy St.,1090891
1893,Vanderbilt to the Manhattan Bridge,11703689
1894,Myrtle to Fort Greene Park,22014288
1895,Navy Street Sprint,2562162
1896,Kent  Bike Path to the sketchy truck light,9281894
1898,Division to Flushing: Max Sprint Speed/Power - CIS: Training Systems,3924564
1899,Orthodox Hill,4154142
1902,Bedford Sprint Hill,9872113
1903,Brooklyn Mole Hill,4323415
1904,on Willoughby from Clinton Ave. to Franklin Ave.,4466766
1905,Lee to Willoughby Blitz,13603721
1909,Throop (Flushing to B'way),2424182
1911,Showtime,10951028
1914,The Broadway Clime,10578443
1916,Jefferson St/ Irving Ave- to Harman St,3707096
1917,Genevieve; Almost home! ,5007596
1919,Central Ave Up and Down,4945174
1921,Sprint Up Suydam,5517284
1922,Dekalb Ave Hill Bomb!,5031074
1923,Evergreen Pot Hole Downhill,4921198
1924,Stanhope 2 George st On knickerbocker,5466003
1935,Cypress Ave Climb,5793560
1937,Cooper Ave from Myrtle to Cypress,21806262
1942,Hill in the woods,11048074
1943,Le Col du ForÃªt,4052345
1944,Forest Park Suicide Descent,12939111
1945,Beerboy Burn,11466131
1946,Ride through the woods,11038976
1954,Jamaica to Myrtle,32229347
1957,hi-lo StepsUp,19667841
1958,Sutphin - Parsons on Jamaica,11637626
1959,Parsons - Merrick,10224724
1960,Liberation Now,35176888
1961,Montgomery to Essex,16445482
1962,Waterfront Crit Lap,24430089
1963,Jersey City Tri Lap,12992715
1964,Broadway Climb,2634139
1965,Battery Esplanade - South to North Cove,14847030
1966,Battery Park City Turn,13527451
1967,WTC Detour,10817693
1968,Danger! Watch for extendable dog lead across path ,9453673
1969,WTC Detout,10817694
1971,North Bound Bridge Bomb,9473229
1972,Uphill Manhattan to Brooklyn on Manhattan Br,4386516
1973,china town finale,11687407
1974,Beat the lights,21176606
1976,Bridge-to-Bridge Boogie,27087247
1978,Supreme Court Sprint,12534982
1983,WB WEST DOWN,26709694
1986,ERB - Williamsburg to Lindsay,20783351
1987,Sprint to Houston exit,10815498
1988,East River under Williamsburg,995137
1991,WB to Grand - CIS Training Systems ,6021073
1994,Hipster Ascent,20072372
1995,Hipster Hustle - Northside,2613920
1999,Roebling Street Climb,6169615
2000,Grand & Bushwick 2 Morgan DownHill,3928248
2002,Morgan -> Bushwick climb,9265143
2005,Metropolitan to BQE Downhill,14271855
2006,Meeker to Grand,4016738
2007,HumBOLT,17584418
2009,Metro: Morgan > Union,35222451
2012,Johnson Av - Morgan to Flushing,4933373
2013,Troutman to Wyckoff,8502844
2014,Superfund Site: The Bike Lane,30639475
2018,K Sq to Metro,32270614
2020,lookout4dakidz,34129949
2021,Underpass to Maspeth ,29007811
2023,Le col de flushing,31059720
2026,Eliot to Metro,20775926
2027,Dead Man's Climb,7612667
2030,Cemetery Cobble Climb,744227
2033,The Atlas Sprint,7684494
2035,Graverobbers Run,21017021
2036,Selfridge st hustle,5661874
2037,DON'T SEND YOUR KIDS TO MERCY THEY WILL END UP AN ADDICT,33759355
2041,Hill on the way to Forest Park,17776475
2044,Greenway N - Ascan to Union,12623348
2046,Kewl Gardenz,29386364
2048,Down the Rabbit Hole,5748016
2053,Qnz Blvd Climb; 87th Ave to Main St,3426610
2055,Parsons to Judge Moses,32069532
2057,164th Street Climb (Hillside to GCP),906617
2062,Tepperwhere Tri,34130256
2063,Joe ATX To Tepp,34573374
2068,blvd hill,33999746
2071,Francis Lewis to Hempstead,28895192
2072,Jamaica Ave Sprint,28895217
2073,Downtown JC,24890295
2074,Washington Sprint,24456368
2075,Newport to Marin,5677607
2076,Newport Sprint,10544625
2077,Post Office Loop,25421318
2078,Mall Drive West,20900772
2079,No Curb Cut,24916416
2080,But I don't want to walk my bike!,10544594
2081,Houston to Canal Sprint,4780432
2082,Canal Street to Vestry Street Sprint,1675607
2083,Washington South (Chris St - Canal),12534917
2085,Lafayette Hustle,20066560
2090,Broadway Bullet,8587293
2091,Prince st,22223892
2092,Sixth to Broadway Uphill Deliciousness ,11037598
2101,14th Street Flat,9532021
2103,B-hive,9853732
2107,Franklin Cruise,8502827
2108,West Street Sprint,15399503
2109,North 10th to India via Kent,24110426
2111,Franklin Downhill (Wheeee!),10848783
2114,Greenpoint Ave Bridge to Queens,9555527
2115,Driggs GP Sprint,5228154
2116,Greenpoint Ave: McG to Review,15687160
2117,GP Bridge: Review to Kingsland,16320069
2119,Run the Jewel St,11947369
2120,Kingsland Hustle,5252766
2121,Apollo Hill ,19844292
2123,Into Williamsburg Via Queens,4035422
2128,50th Street Climb,4253452
2129,bump along side the expressway,5731421
2134,Maurice Avenue Climb,3723563
2135,Oscar Hernandez Boulevard,13115406
2138,Maurice To Hamilton Climb,8494128
2139,This triangle is better,34976230
2144,70th Street Hill,7969298
2145,Grand Design,14052055
2147,Calamus ,33927770
2148,69th St Climb. Nice,30503512
2150,Qnz Blvd. Climb: Jewel Ave 2 67th Rd.,3901292
2153,Climb # 1 ,7380996
2156,99th Problem,31888376
2157,63rd Rd to 108th (Jurassic),34686873
2161,Through the valley of the shadow of death,22879166
2163,VWE to GCP - 69th rd,10413858
2172,150ST: Queens College to BQG 73AV,10646746
2177,Wildman 164 to Utopia,29104715
2179,"no, MEtopia!!",34130385
2180,Union Utopia,32069407
2183,it never ends,10799335
2185,188th hill,10429376
2186,Utopian family BBQ,34130010
2187,188th St hill to GCP,29234243
2188,188 hill to radnor,33995693
2190,union to mclaughlin,10439861
2191,Long hill,2635517
2193,Richland Ave,14235135
2198,Creedmoor Eastbound ,4086444
2199,SinatraDriveBikePath,14023046
2200,rd Street Climb,5263878
2201,Park Avenue Climb,5251926
2202,Willow Ave 11th to 1st Street,4388978
2203,SinatraCurve,14023041
2204,Park Avenue Climb,5251927
2205,4th to Hudson Water Sprint,4893841
2206,Sinatra Sprint South,2529178
2207,Raveche Express,966454
2208,Heights of Hoboken,14897163
2210,"02.1 - SB, W17th - Gansevoort (WSH)",5107601
2213,14th to 21st Bomb,10422873
2216,7th - 29th to 22nd,16314718
2217,23rd to 14th 5th Ave sprint,10392102
2218,East 21st Street Climb,4143675
2220,8th Ave - 15th to 30th Streets,13207203
2224,2nd ave - W34 to W21,16494548
2226,"Race the lights - 2nd Ave, 42nd to 23rd St",1221195
2227,East side ride,7272878
2228,34th & 1st ave street climb,7030980
2235,Center Blvd South,13319928
2236,Center Blvd North,13319924
2241,queens plaza subway climb,18594642
2243,Jackson Ave to the Pulaski Bridge,3992268
2244,Along the train tracks,21933455
2245,Thompson Ave Bridge,12601376
2246,Industrially Ravaged Heartland of America,35250934
2249,Skillman 48th to 39th,11825589
2251,43rd Ave. Green Sprint,2193502
2252,Queens Blvd Down,5463478
2253,48th Ave Bomb,8471469
2254,Celtic Park straightaway,2646102
2261,58th Street quick hill from Queens Blvd.,2617204
2266,Cemetery Straightaway North,3053907
2267,Queens Blvd (67th to 51st st),14875260
2268,Wind? What Wind?,22409956
2269,Metro Motel Half-Mile,22326896
2271,75th to 85th,29355769
2273,75th to 82nd,29355876
2274,Broadway to Junction,16340672
2275,A Nice Little Climb,14695667
2277,Justice to 56th Ave,12923364
2278,Dunkin Dash Turbo Shot,6112322
2288,108st Corona S/B,10503635
2289,108th - LIE . Space Park,34686801
2291,Amphitheatre Bridge North,5560196
2292,Amphitheatre Bridge South,5447363
2305,Kissena2Parsons Hill,15159058
2306,parsons 2 kissena via rose,10383745
2307,booth to rose sprint,8466378
2309,qc drive by,31291514
2310,FULL 164ST KISSENA HILL - UNDERHILL TO LIE,10570013
2316,LIE Cemetery Bump,10497018
2318,Full Booth Scream,4181016
2321,SFP Franny Lew Drag Sprint - SouthBound,3204821
2322,SFP Franny Lew Drag Sprint - North bound,7129954
2323,Up and over the bridge II,3342568
2331,First Quarter (new 2020),26632748
2335,Cool Down 1,8146119
2337,Springfield S to Union Blvd,19073821
2339,Alley Pond Mini Wall,12499924
2340,Up to Alley,28196480
2341,Alley mid,28196388
2342,Alley Pond Park,5442939
2343,Alley Cut Through,14011745
2344,keep up with the cars on Union tpk,12253262
2345,Half Mile School Sprint,8660753
2346,Sanitation Hill - Smelly South Side,3996380
2347,We need motorparkwayeast!,13847064
2348,Alley Pond To Cunningham Full Lap ,2365921
2349,Paul Kaczka Memorial Bridge,7715012
2350,3RD CLIMB,4412756
2351,Palisade Small Hill,7371990
2352,14th Street Viaduct (Park to Manhattan) ,1669071
2353,Park Ave Bridge over Tracks (South),14247057
2354,Manhattan Avenue,3743844
2355,Hoboken to Ranger Loop,5910401
2356,"Palisade to Gregory - Weehawken, Via Highpoint and Oak.",12052826
2357,Hackensack Plank Shippen Extension,2168317
2358,Shake and Bakery,24723047
2359,26 to 32 Straight Sport,20523320
2360,Harbor Blvd SB Sprint,24890755
2361,Ruth's Chris Steakhouse Dash,2585017
2362,River Road-GWB Entrance & Back,4831931
2363,River Road - East Palisades TT,4752798
2364,Weehaken Crit Loop,7177140
2366,34th to 39th up 8th Ave.,7201480
2367,MSG to 42nd,25198273
2370,9th Ave: 42nd to 34th,2738573
2374,West 45th Street Climb,4155057
2380,5th ave - 58th to 45th,16314722
2382,"Madison Avenue, NYC",6367278
2383,Please Take Trump Back. Please!!! ,21768943
2384,Queensboro Bridge Eastbound Climb,3693893
2391,East Rd Sprint,23839805
2392,East Road Sprint (Reverse),24032832
2394,Queensbridge Park Greenway,15846826
2398,Post Queens Cut-off,11983915
2401,Queensborough Bridge East Ascent,6972897
2403,Stop signs galore,7741009
2405,34th Ave to 30th Ave,9819286
2406,th Street Climb,5733888
2407,Broadway (Steinway -> 31st),16547378
2409,NBV (Steinway to 31),11177267
2411,35th Ave. Sprint,4125913
2413,35th st Astoria,32997329
2416,No-Bro Northern,34157339
2420,34th to 31st - hit the green light,16367793
2422,Bolt to Traverse,29610897
2424,The Da$h,29610936
2426,34th 80th to 69th St,29441829
2428,Bolty's Way,15235477
2430,Junction to 105th,29300892
2435,E/B 34th Ave Over GCP to Shea,10621168
2437,Citi Field Parking Lot CW,28210399
2438,Hwy to Dunk 12,31273790
2440,108th pre-check,34686792
2447,Ride the CP BLVD Wave Brah _m/,10571298
2448,stinky sus street,10571283
2453,45th ave. chaos,12501403
2455,N/B 149ST Murray Hill,10590833
2460,Northern to Crocheron,32069383
2464,SpRiNgFiElD SoUtH BlAsT,19568551
2467,PS 203 Hill towards Northern,11437628
2468,Bell Blvd -> the Lake @ Oakland Gardens,24912947
2469,Silent Springfield,34130222
2470,PS 203 Drop,29478742
2472,Northern blvd climb,12377632
2473,Alameda Climb,4882452
2474,Into the Jungle,33841180
2475,To the Great Wall and Back,16100856
2476,Marathon to Little Neck,13258322
2477,triangle 2nd wall round trip,5928430
2478,tues  triangle,1649616
2479,Little Neck Hill,1472038
2480,72nd Ave Climb,1415605
2481,To the High Towers,29933379
2482,Little Neck Pkwy - LIE to 61st Ave,5027288
2483,Union-38,2541243
2484,Hyper Speed,7611060
2485,Hudson Steep,12712156
2486,The Climb,12197960
2487,General Pershing,6073807
2488,Hoboken Giddyup,5461732
2489,Descending Pershing,11051226
2490,Half Pershing,17879858
2491,My local hill repeats X 10,10791992
2492,Pershing Road X 6,12606335
2493,Wax and Wane 2,13227282
2494,Sprint out the park,9574635
2495,Ferry Blvd to Henley,5524375
2496,Clifton Terr,3605900
2497,The Shortcut - Northbound,23663083
2498,the colour of magic,12256349
2499,11th ave - 50's,21813021
2500,Narrow Shoot 72nd - 61st,2129837
2501,Under the Bypass (uptown),7404969
2508,TOG Downhill Sprint,8150710
2509,Matt's sprint,6990384
2510,CP Time Trial to 72nd,1995199
2511,D6_CP.4:7,11938482
2514,West end - 72nd to 66th,16894432
2521,72 & Park to top of cats paw,22326850
2522,East 72 St + 3rd Ave Light Change Death Sprint,1436523
2523,Chase the 3rd Ave Lights,7874314
2524,86st Sprint Down Lex,9547458
2532,Hallets Point Boardwalk,24601653
2533,CRESCENT DANGER,24892076
2538,Astoria Park Breezeway N & S,24683054
2545,North 36th Street Climb,4233131
2546,Astoria blvd to Ditmars via 43rd street,11975004
2547,20th Ave to Ditmars Blvd Hill,12073371
2548,Escape From Steinway,26102698
2553,Up And Away from LGA,18902595
2555,Grimper La Vingt-TroisiÃ¨me,3811897
2561,26th Ave - Bell Blvd. to Clearview Riser,5854516
2562,26th ave - bell blvd to corp kennedy st,15686562
2565,Tracks to Douglaston / Shore Road Penninsula,4443287
2575,Water Mill Short Cut,9727235
2576,Lakeville climb ,26979557
2577,Semicircle,9727212
2578,Concord Ave Climb,945828
2579,Gaskell Road,1460479
2580,Morning Wood,12173161
2581,Concord St-Overlook Rd,7866245
2582,University gardens loop,29632698
2583,Quick corners,29632718
2584,Linford Climb,29986069
2595,Ferry Rd.,12470919
2596,skyline bump river road,4441593
2597,To Palisades Medical Center,12143016
2600,"08.1 - SB, W90th - W84th (the ""Highway"")",5107394
2602,West 86th Street Climb,6026992
2604,Riverside drive end - W88 to W72,16090316
2605,"08.0 - NB, W84th - W90th (the ""Highway"")",5107099
2606,Columbus Ave Climb,2859437
2607,80th to 87th Sprint Climb,8293274
2611,Helga,9488638
2612,Back Side Sprint,9197143
2614,CRCA W98 Finish,7494371
2615,8 block straightaway sprint,7006434
2617,3 x Harlem Hill,11681489
2618,Up 96 to 106 on 1st,20724412
2621,Randall's Island Circuit,3803152
2622,ward's island bridge West,2158469
2624,Wards/Randall's Island CtrClckwise Full Loop,24287029
2628,Central Sprint Downhill,23156641
2635,32 Gates trail,19403248
2636,Punching Randall,8730889
2639,127th st-powells cove -9th ave,21826786
2647,Surf Ave: Stillwell to Brighton,17318545
2649,manhattan beach loop,3798446
2653,Emmoms from Bragg to Ocean,18204572
2682,183 - 177,10266039
2684,Meserole St to Willyburg Bridge,25876418
2685,Cemetery Sprint,1126366
2733,Breezy Beach Ride,25826982
2735,Beach Channel TT by Verrazano Team,27912283
2741,B125 to B40,14549548
2742,B105 St to B59 St East Boardwalk,12066021
2749,Broad Channel Breakaway,25264862
2754,"Caesar""s Bay to bridge",1103124
2756,Canarsie Beach Pier to Shirley Chisholm State Park,24927479
2757,Final Stretch to the Pier!,19547705
2758,Light the Fiya,5074680
2761,AVM Pier to Old Glory Lookout,21121588
2771,Dash to Prospect Expressway ,4920119
2795,Pulaski Bridge South (Any approach),906416
2797,KBS+ Cruise,4298692
2812,82nd St blast off!,24621880
2825,N Boundary Rd,6106573
2850,Booth Memorial Cemetery Hill,2268138
2871,bayside ave -161 st to parson blvd,17054001
2872,20th Ave boogey,4910170
